"ID","post_author","post_date","post_date_gmt","post_content","post_title","post_excerpt","post_status","comment_status","ping_status","post_password","post_name","to_ping","pinged","post_modified","post_modified_gmt","post_content_filtered","post_parent","guid","menu_order","post_type","post_mime_type","comment_count"
97,1,"2020-07-07 19:52:50.0","2020-07-07 19:52:50.0","""S"". Track 217.",S,"",inherit,open,closed,"",s,"","","2020-07-07 19:52:50.0","2020-07-07 19:52:50.0","",74,http://www.treasureisland.local/wp-content/uploads/2020/07/a-217.mp3,0,attachment,audio/mpeg,0
98,1,"2020-07-07 19:52:51.0","2020-07-07 19:52:51.0","""S"". Track 223.",S,"",inherit,open,closed,"",s-2,"","","2020-07-07 19:52:51.0","2020-07-07 19:52:51.0","",74,http://www.treasureisland.local/wp-content/uploads/2020/07/a-223.mp3,0,attachment,audio/mpeg,0
99,1,"2020-07-07 19:52:51.0","2020-07-07 19:52:51.0","""S"". Track 221.",S,"",inherit,open,closed,"",s-3,"","","2020-07-07 19:52:51.0","2020-07-07 19:52:51.0","",74,http://www.treasureisland.local/wp-content/uploads/2020/07/a-221.mp3,0,attachment,audio/mpeg,0
100,1,"2020-07-07 19:52:51.0","2020-07-07 19:52:51.0","""S"". Track 94.",S,"",inherit,open,closed,"",s-4,"","","2020-07-07 19:52:51.0","2020-07-07 19:52:51.0","",74,http://www.treasureisland.local/wp-content/uploads/2020/07/a-94.mp3,0,attachment,audio/mpeg,0
101,1,"2020-07-07 19:52:51.0","2020-07-07 19:52:51.0","""S"". Track 183.",S,"",inherit,open,closed,"",s-5,"","","2020-07-07 19:52:51.0","2020-07-07 19:52:51.0","",74,http://www.treasureisland.local/wp-content/uploads/2020/07/a-183.mp3,0,attachment,audio/mpeg,0
102,1,"2020-07-07 19:52:51.0","2020-07-07 19:52:51.0","""S"". Track 77.",S,"",inherit,open,closed,"",s-6,"","","2020-07-07 19:52:51.0","2020-07-07 19:52:51.0","",74,http://www.treasureisland.local/wp-content/uploads/2020/07/a-77.mp3,0,attachment,audio/mpeg,0
103,1,"2020-07-07 19:52:52.0","2020-07-07 19:52:52.0","""S"". Track 167.",S,"",inherit,open,closed,"",s-7,"","","2020-07-07 19:52:52.0","2020-07-07 19:52:52.0","",74,http://www.treasureisland.local/wp-content/uploads/2020/07/a-167.mp3,0,attachment,audio/mpeg,0
104,1,"2020-07-07 19:52:52.0","2020-07-07 19:52:52.0","""S"". Track 272.",S,"",inherit,open,closed,"",s-8,"","","2020-07-07 19:52:52.0","2020-07-07 19:52:52.0","",74,http://www.treasureisland.local/wp-content/uploads/2020/07/a-272.mp3,0,attachment,audio/mpeg,0
105,1,"2020-07-07 19:52:52.0","2020-07-07 19:52:52.0","""S"". Track 78.",S,"",inherit,open,closed,"",s-9,"","","2020-07-07 19:52:52.0","2020-07-07 19:52:52.0","",74,http://www.treasureisland.local/wp-content/uploads/2020/07/a-78.mp3,0,attachment,audio/mpeg,0
106,1,"2020-07-07 19:52:52.0","2020-07-07 19:52:52.0","""S"". Track 127.",S,"",inherit,open,closed,"",s-10,"","","2020-07-07 19:52:52.0","2020-07-07 19:52:52.0","",74,http://www.treasureisland.local/wp-content/uploads/2020/07/a-127.mp3,0,attachment,audio/mpeg,0
107,1,"2020-07-07 19:52:53.0","2020-07-07 19:52:53.0","""S"". Track 140.",S,"",inherit,open,closed,"",s-11,"","","2020-07-07 19:52:53.0","2020-07-07 19:52:53.0","",74,http://www.treasureisland.local/wp-content/uploads/2020/07/a-140.mp3,0,attachment,audio/mpeg,0
108,1,"2020-07-07 19:52:53.0","2020-07-07 19:52:53.0","""S"". Track 264.",S,"",inherit,open,closed,"",s-12,"","","2020-07-07 19:52:53.0","2020-07-07 19:52:53.0","",74,http://www.treasureisland.local/wp-content/uploads/2020/07/a-264.mp3,0,attachment,audio/mpeg,0
109,1,"2020-07-07 19:52:53.0","2020-07-07 19:52:53.0","""S"". Track 222.",S,"",inherit,open,closed,"",s-13,"","","2020-07-07 19:52:53.0","2020-07-07 19:52:53.0","",74,http://www.treasureisland.local/wp-content/uploads/2020/07/a-222.mp3,0,attachment,audio/mpeg,0
110,1,"2020-07-07 19:52:53.0","2020-07-07 19:52:53.0","""S"". Track 228.",S,"",inherit,open,closed,"",s-14,"","","2020-07-07 19:52:53.0","2020-07-07 19:52:53.0","",74,http://www.treasureisland.local/wp-content/uploads/2020/07/a-228.mp3,0,attachment,audio/mpeg,0
111,1,"2020-07-07 19:52:53.0","2020-07-07 19:52:53.0","""S"". Track 41.",S,"",inherit,open,closed,"",s-15,"","","2020-07-10 17:44:02.0","2020-07-10 17:44:02.0","",344,http://www.treasureisland.local/wp-content/uploads/2020/07/a-41.mp3,0,attachment,audio/mpeg,0
112,1,"2020-07-07 19:52:54.0","2020-07-07 19:52:54.0","""S"". Track 85.",S,"",inherit,open,closed,"",s-16,"","","2020-07-07 19:52:54.0","2020-07-07 19:52:54.0","",74,http://www.treasureisland.local/wp-content/uploads/2020/07/a-85.mp3,0,attachment,audio/mpeg,0
113,1,"2020-07-07 19:52:54.0","2020-07-07 19:52:54.0","""S"". Track 227.",S,"",inherit,open,closed,"",s-17,"","","2020-07-07 19:52:54.0","2020-07-07 19:52:54.0","",74,http://www.treasureisland.local/wp-content/uploads/2020/07/a-227.mp3,0,attachment,audio/mpeg,0
114,1,"2020-07-07 19:52:54.0","2020-07-07 19:52:54.0","""S"". Track 252.",S,"",inherit,open,closed,"",s-18,"","","2020-07-07 19:52:54.0","2020-07-07 19:52:54.0","",74,http://www.treasureisland.local/wp-content/uploads/2020/07/a-252.mp3,0,attachment,audio/mpeg,0
115,1,"2020-07-07 19:52:54.0","2020-07-07 19:52:54.0","""S"". Track 68.",S,"",inherit,open,closed,"",s-19,"","","2020-07-07 19:52:54.0","2020-07-07 19:52:54.0","",74,http://www.treasureisland.local/wp-content/uploads/2020/07/a-68.mp3,0,attachment,audio/mpeg,0
116,1,"2020-07-07 19:52:54.0","2020-07-07 19:52:54.0","""S"". Track 277.",S,"",inherit,open,closed,"",s-20,"","","2020-07-07 19:52:54.0","2020-07-07 19:52:54.0","",74,http://www.treasureisland.local/wp-content/uploads/2020/07/a-277.mp3,0,attachment,audio/mpeg,0
117,1,"2020-07-07 19:52:55.0","2020-07-07 19:52:55.0","""S"". Track 80.",S,"",inherit,open,closed,"",s-21,"","","2020-07-07 19:52:55.0","2020-07-07 19:52:55.0","",74,http://www.treasureisland.local/wp-content/uploads/2020/07/a-80.mp3,0,attachment,audio/mpeg,0
118,1,"2020-07-07 19:52:55.0","2020-07-07 19:52:55.0","""S"". Track 88.",S,"",inherit,open,closed,"",s-22,"","","2020-07-07 19:52:55.0","2020-07-07 19:52:55.0","",74,http://www.treasureisland.local/wp-content/uploads/2020/07/a-88.mp3,0,attachment,audio/mpeg,0
119,1,"2020-07-07 19:52:55.0","2020-07-07 19:52:55.0","""S"". Track 276.",S,"",inherit,open,closed,"",s-23,"","","2020-07-07 19:52:55.0","2020-07-07 19:52:55.0","",74,http://www.treasureisland.local/wp-content/uploads/2020/07/a-276.mp3,0,attachment,audio/mpeg,0
120,1,"2020-07-07 19:52:55.0","2020-07-07 19:52:55.0","""S"". Track 168.",S,"",inherit,open,closed,"",s-24,"","","2020-07-07 19:52:55.0","2020-07-07 19:52:55.0","",74,http://www.treasureisland.local/wp-content/uploads/2020/07/a-168.mp3,0,attachment,audio/mpeg,0
121,1,"2020-07-07 19:52:55.0","2020-07-07 19:52:55.0","""S"". Track 150.",S,"",inherit,open,closed,"",s-25,"","","2020-07-07 19:52:55.0","2020-07-07 19:52:55.0","",74,http://www.treasureisland.local/wp-content/uploads/2020/07/a-150.mp3,0,attachment,audio/mpeg,0
122,1,"2020-07-07 19:52:55.0","2020-07-07 19:52:55.0","""S"". Track 242.",S,"",inherit,open,closed,"",s-26,"","","2020-07-07 19:52:55.0","2020-07-07 19:52:55.0","",74,http://www.treasureisland.local/wp-content/uploads/2020/07/a-242.mp3,0,attachment,audio/mpeg,0
123,1,"2020-07-07 19:52:56.0","2020-07-07 19:52:56.0","""S"". Track 244.",S,"",inherit,open,closed,"",s-27,"","","2020-07-07 19:52:56.0","2020-07-07 19:52:56.0","",74,http://www.treasureisland.local/wp-content/uploads/2020/07/a-244.mp3,0,attachment,audio/mpeg,0
124,1,"2020-07-07 19:52:56.0","2020-07-07 19:52:56.0","""S"". Track 273.",S,"",inherit,open,closed,"",s-28,"","","2020-07-07 19:52:56.0","2020-07-07 19:52:56.0","",74,http://www.treasureisland.local/wp-content/uploads/2020/07/a-273.mp3,0,attachment,audio/mpeg,0
125,1,"2020-07-07 19:52:56.0","2020-07-07 19:52:56.0","""S"". Track 76.",S,"",inherit,open,closed,"",s-29,"","","2020-07-07 19:52:56.0","2020-07-07 19:52:56.0","",74,http://www.treasureisland.local/wp-content/uploads/2020/07/a-76.mp3,0,attachment,audio/mpeg,0
126,1,"2020-07-07 19:52:56.0","2020-07-07 19:52:56.0","""S"". Track 185.",S,"",inherit,open,closed,"",s-30,"","","2020-07-07 19:52:56.0","2020-07-07 19:52:56.0","",74,http://www.treasureisland.local/wp-content/uploads/2020/07/a-185.mp3,0,attachment,audio/mpeg,0
127,1,"2020-07-07 19:52:56.0","2020-07-07 19:52:56.0","""S"". Track 83.",S,"",inherit,open,closed,"",s-31,"","","2020-07-07 19:52:56.0","2020-07-07 19:52:56.0","",74,http://www.treasureisland.local/wp-content/uploads/2020/07/a-83.mp3,0,attachment,audio/mpeg,0
128,1,"2020-07-07 19:52:57.0","2020-07-07 19:52:57.0","""S"". Track 255.",S,"",inherit,open,closed,"",s-32,"","","2020-07-07 19:52:57.0","2020-07-07 19:52:57.0","",74,http://www.treasureisland.local/wp-content/uploads/2020/07/a-255.mp3,0,attachment,audio/mpeg,0
129,1,"2020-07-07 19:52:57.0","2020-07-07 19:52:57.0","""S"". Track 72.",S,"",inherit,open,closed,"",s-33,"","","2020-07-07 19:52:57.0","2020-07-07 19:52:57.0","",74,http://www.treasureisland.local/wp-content/uploads/2020/07/a-72.mp3,0,attachment,audio/mpeg,0
130,1,"2020-07-07 19:52:57.0","2020-07-07 19:52:57.0","""S"". Track 248.",S,"",inherit,open,closed,"",s-34,"","","2020-07-07 19:52:57.0","2020-07-07 19:52:57.0","",74,http://www.treasureisland.local/wp-content/uploads/2020/07/a-248.mp3,0,attachment,audio/mpeg,0
131,1,"2020-07-07 19:52:57.0","2020-07-07 19:52:57.0","""S"". Track 170.",S,"",inherit,open,closed,"",s-35,"","","2020-07-07 19:52:57.0","2020-07-07 19:52:57.0","",74,http://www.treasureisland.local/wp-content/uploads/2020/07/a-170.mp3,0,attachment,audio/mpeg,0
132,1,"2020-07-07 19:52:57.0","2020-07-07 19:52:57.0","""S"". Track 65.",S,"",inherit,open,closed,"",s-36,"","","2020-07-07 19:52:57.0","2020-07-07 19:52:57.0","",74,http://www.treasureisland.local/wp-content/uploads/2020/07/a-65.mp3,0,attachment,audio/mpeg,0
133,1,"2020-07-07 19:52:58.0","2020-07-07 19:52:58.0","""S"". Track 157.",S,"",inherit,open,closed,"",s-37,"","","2020-07-07 19:52:58.0","2020-07-07 19:52:58.0","",74,http://www.treasureisland.local/wp-content/uploads/2020/07/a-157.mp3,0,attachment,audio/mpeg,0
134,1,"2020-07-07 19:52:58.0","2020-07-07 19:52:58.0","""S"". Track 263.",S,"",inherit,open,closed,"",s-38,"","","2020-07-07 19:52:58.0","2020-07-07 19:52:58.0","",74,http://www.treasureisland.local/wp-content/uploads/2020/07/a-263.mp3,0,attachment,audio/mpeg,0
135,1,"2020-07-07 19:52:58.0","2020-07-07 19:52:58.0","""S"". Track 210.",S,"",inherit,open,closed,"",s-39,"","","2020-07-07 19:52:58.0","2020-07-07 19:52:58.0","",74,http://www.treasureisland.local/wp-content/uploads/2020/07/a-210.mp3,0,attachment,audio/mpeg,0
136,1,"2020-07-07 19:52:58.0","2020-07-07 19:52:58.0","""S"". Track 122.",S,"",inherit,open,closed,"",s-40,"","","2020-07-07 19:52:58.0","2020-07-07 19:52:58.0","",74,http://www.treasureisland.local/wp-content/uploads/2020/07/a-122.mp3,0,attachment,audio/mpeg,0
137,1,"2020-07-07 19:52:58.0","2020-07-07 19:52:58.0","""S"". Track 74.",S,"",inherit,open,closed,"",s-41,"","","2020-07-07 19:52:58.0","2020-07-07 19:52:58.0","",74,http://www.treasureisland.local/wp-content/uploads/2020/07/a-74.mp3,0,attachment,audio/mpeg,0
138,1,"2020-07-07 19:52:59.0","2020-07-07 19:52:59.0","""S"". Track 84.",S,"",inherit,open,closed,"",s-42,"","","2020-07-07 19:52:59.0","2020-07-07 19:52:59.0","",74,http://www.treasureisland.local/wp-content/uploads/2020/07/a-84.mp3,0,attachment,audio/mpeg,0
139,1,"2020-07-07 19:52:59.0","2020-07-07 19:52:59.0","""S"". Track 169.",S,"",inherit,open,closed,"",s-43,"","","2020-07-07 19:52:59.0","2020-07-07 19:52:59.0","",74,http://www.treasureisland.local/wp-content/uploads/2020/07/a-169.mp3,0,attachment,audio/mpeg,0
140,1,"2020-07-07 19:52:59.0","2020-07-07 19:52:59.0","""S"". Track 193.",S,"",inherit,open,closed,"",s-44,"","","2020-07-07 19:52:59.0","2020-07-07 19:52:59.0","",74,http://www.treasureisland.local/wp-content/uploads/2020/07/a-193.mp3,0,attachment,audio/mpeg,0
141,1,"2020-07-07 19:52:59.0","2020-07-07 19:52:59.0","""S"". Track 44.",S,"",inherit,open,closed,"",s-45,"","","2020-07-07 19:52:59.0","2020-07-07 19:52:59.0","",74,http://www.treasureisland.local/wp-content/uploads/2020/07/a-44.mp3,0,attachment,audio/mpeg,0
142,1,"2020-07-07 19:52:59.0","2020-07-07 19:52:59.0","""S"". Track 69.",S,"",inherit,open,closed,"",s-46,"","","2020-07-07 19:52:59.0","2020-07-07 19:52:59.0","",74,http://www.treasureisland.local/wp-content/uploads/2020/07/a-69.mp3,0,attachment,audio/mpeg,0
143,1,"2020-07-07 19:53:00.0","2020-07-07 19:53:00.0","""S"". Track 166.",S,"",inherit,open,closed,"",s-47,"","","2020-07-07 19:53:00.0","2020-07-07 19:53:00.0","",74,http://www.treasureisland.local/wp-content/uploads/2020/07/a-166.mp3,0,attachment,audio/mpeg,0
144,1,"2020-07-07 19:53:00.0","2020-07-07 19:53:00.0","""S"". Track 131.",S,"",inherit,open,closed,"",s-48,"","","2020-07-07 19:53:00.0","2020-07-07 19:53:00.0","",74,http://www.treasureisland.local/wp-content/uploads/2020/07/a-131.mp3,0,attachment,audio/mpeg,0
145,1,"2020-07-07 19:53:00.0","2020-07-07 19:53:00.0","""S"". Track 135.",S,"",inherit,open,closed,"",s-49,"","","2020-07-07 19:53:00.0","2020-07-07 19:53:00.0","",74,http://www.treasureisland.local/wp-content/uploads/2020/07/a-135.mp3,0,attachment,audio/mpeg,0
146,1,"2020-07-07 19:53:01.0","2020-07-07 19:53:01.0","""S"". Track 107.",S,"",inherit,open,closed,"",s-50,"","","2020-07-07 19:53:01.0","2020-07-07 19:53:01.0","",74,http://www.treasureisland.local/wp-content/uploads/2020/07/a-107.mp3,0,attachment,audio/mpeg,0
147,1,"2020-07-07 19:53:01.0","2020-07-07 19:53:01.0","""S"". Track 124.",S,"",inherit,open,closed,"",s-51,"","","2020-07-07 19:53:01.0","2020-07-07 19:53:01.0","",74,http://www.treasureisland.local/wp-content/uploads/2020/07/a-124.mp3,0,attachment,audio/mpeg,0
148,1,"2020-07-07 19:53:01.0","2020-07-07 19:53:01.0","""S"". Track 243.",S,"",inherit,open,closed,"",s-52,"","","2020-07-07 19:53:01.0","2020-07-07 19:53:01.0","",74,http://www.treasureisland.local/wp-content/uploads/2020/07/a-243.mp3,0,attachment,audio/mpeg,0
149,1,"2020-07-07 19:53:01.0","2020-07-07 19:53:01.0","""S"". Track 211.",S,"",inherit,open,closed,"",s-53,"","","2020-07-07 19:53:01.0","2020-07-07 19:53:01.0","",74,http://www.treasureisland.local/wp-content/uploads/2020/07/a-211.mp3,0,attachment,audio/mpeg,0
150,1,"2020-07-07 19:53:01.0","2020-07-07 19:53:01.0","""S"". Track 207.",S,"",inherit,open,closed,"",s-54,"","","2020-07-07 19:53:01.0","2020-07-07 19:53:01.0","",74,http://www.treasureisland.local/wp-content/uploads/2020/07/a-207.mp3,0,attachment,audio/mpeg,0
151,1,"2020-07-07 19:53:02.0","2020-07-07 19:53:02.0","""S"". Track 79.",S,"",inherit,open,closed,"",s-55,"","","2020-07-07 19:53:02.0","2020-07-07 19:53:02.0","",74,http://www.treasureisland.local/wp-content/uploads/2020/07/a-79.mp3,0,attachment,audio/mpeg,0
152,1,"2020-07-07 19:53:02.0","2020-07-07 19:53:02.0","""S"". Track 256.",S,"",inherit,open,closed,"",s-56,"","","2020-07-07 19:53:02.0","2020-07-07 19:53:02.0","",74,http://www.treasureisland.local/wp-content/uploads/2020/07/a-256.mp3,0,attachment,audio/mpeg,0
153,1,"2020-07-07 19:53:02.0","2020-07-07 19:53:02.0","""S"". Track 179.",S,"",inherit,open,closed,"",s-57,"","","2020-07-07 19:53:02.0","2020-07-07 19:53:02.0","",74,http://www.treasureisland.local/wp-content/uploads/2020/07/a-179.mp3,0,attachment,audio/mpeg,0
154,1,"2020-07-07 19:53:02.0","2020-07-07 19:53:02.0","""S"". Track 214.",S,"",inherit,open,closed,"",s-58,"","","2020-07-07 19:53:02.0","2020-07-07 19:53:02.0","",74,http://www.treasureisland.local/wp-content/uploads/2020/07/a-214.mp3,0,attachment,audio/mpeg,0
155,1,"2020-07-07 19:53:02.0","2020-07-07 19:53:02.0","""S"". Track 57.",S,"",inherit,open,closed,"",s-59,"","","2020-07-07 19:53:02.0","2020-07-07 19:53:02.0","",74,http://www.treasureisland.local/wp-content/uploads/2020/07/a-57.mp3,0,attachment,audio/mpeg,0
156,1,"2020-07-07 19:53:03.0","2020-07-07 19:53:03.0","""S"". Track 225.",S,"",inherit,open,closed,"",s-60,"","","2020-07-07 19:53:03.0","2020-07-07 19:53:03.0","",74,http://www.treasureisland.local/wp-content/uploads/2020/07/a-225.mp3,0,attachment,audio/mpeg,0
157,1,"2020-07-07 19:53:03.0","2020-07-07 19:53:03.0","""S"". Track 102.",S,"",inherit,open,closed,"",s-61,"","","2020-07-07 19:53:03.0","2020-07-07 19:53:03.0","",74,http://www.treasureisland.local/wp-content/uploads/2020/07/a-102.mp3,0,attachment,audio/mpeg,0
158,1,"2020-07-07 19:53:03.0","2020-07-07 19:53:03.0","""S"". Track 132.",S,"",inherit,open,closed,"",s-62,"","","2020-07-07 19:53:03.0","2020-07-07 19:53:03.0","",74,http://www.treasureisland.local/wp-content/uploads/2020/07/a-132.mp3,0,attachment,audio/mpeg,0
159,1,"2020-07-07 19:53:03.0","2020-07-07 19:53:03.0","""S"". Track 89.",S,"",inherit,open,closed,"",s-63,"","","2020-07-07 19:53:03.0","2020-07-07 19:53:03.0","",74,http://www.treasureisland.local/wp-content/uploads/2020/07/a-89.mp3,0,attachment,audio/mpeg,0
160,1,"2020-07-07 19:53:04.0","2020-07-07 19:53:04.0","""S"". Track 220.",S,"",inherit,open,closed,"",s-64,"","","2020-07-07 19:53:04.0","2020-07-07 19:53:04.0","",74,http://www.treasureisland.local/wp-content/uploads/2020/07/a-220.mp3,0,attachment,audio/mpeg,0
161,1,"2020-07-07 19:53:04.0","2020-07-07 19:53:04.0","""S"". Track 97.",S,"",inherit,open,closed,"",s-65,"","","2020-07-07 19:53:04.0","2020-07-07 19:53:04.0","",74,http://www.treasureisland.local/wp-content/uploads/2020/07/a-97.mp3,0,attachment,audio/mpeg,0
162,1,"2020-07-07 19:53:04.0","2020-07-07 19:53:04.0","""S"". Track 281.",S,"",inherit,open,closed,"",s-66,"","","2020-07-07 19:53:04.0","2020-07-07 19:53:04.0","",74,http://www.treasureisland.local/wp-content/uploads/2020/07/a-281.mp3,0,attachment,audio/mpeg,0
163,1,"2020-07-07 19:53:04.0","2020-07-07 19:53:04.0","""S"". Track 59.",S,"",inherit,open,closed,"",s-67,"","","2020-07-07 19:53:04.0","2020-07-07 19:53:04.0","",74,http://www.treasureisland.local/wp-content/uploads/2020/07/a-59.mp3,0,attachment,audio/mpeg,0
164,1,"2020-07-07 19:53:04.0","2020-07-07 19:53:04.0","""S"". Track 200.",S,"",inherit,open,closed,"",s-68,"","","2020-07-07 19:53:04.0","2020-07-07 19:53:04.0","",74,http://www.treasureisland.local/wp-content/uploads/2020/07/a-200.mp3,0,attachment,audio/mpeg,0
165,1,"2020-07-07 19:53:05.0","2020-07-07 19:53:05.0","""S"". Track 208.",S,"",inherit,open,closed,"",s-69,"","","2020-07-07 19:53:05.0","2020-07-07 19:53:05.0","",74,http://www.treasureisland.local/wp-content/uploads/2020/07/a-208.mp3,0,attachment,audio/mpeg,0
166,1,"2020-07-07 19:53:05.0","2020-07-07 19:53:05.0","""S"". Track 111.",S,"",inherit,open,closed,"",s-70,"","","2020-07-07 19:53:05.0","2020-07-07 19:53:05.0","",74,http://www.treasureisland.local/wp-content/uploads/2020/07/a-111.mp3,0,attachment,audio/mpeg,0
167,1,"2020-07-07 19:53:05.0","2020-07-07 19:53:05.0","""S"". Track 189.",S,"",inherit,open,closed,"",s-71,"","","2020-07-07 19:53:05.0","2020-07-07 19:53:05.0","",74,http://www.treasureisland.local/wp-content/uploads/2020/07/a-189.mp3,0,attachment,audio/mpeg,0
168,1,"2020-07-07 19:53:05.0","2020-07-07 19:53:05.0","""S"". Track 56.",S,"",inherit,open,closed,"",s-72,"","","2020-07-07 19:53:05.0","2020-07-07 19:53:05.0","",74,http://www.treasureisland.local/wp-content/uploads/2020/07/a-56.mp3,0,attachment,audio/mpeg,0
169,1,"2020-07-07 19:53:05.0","2020-07-07 19:53:05.0","""S"". Track 226.",S,"",inherit,open,closed,"",s-73,"","","2020-07-07 19:53:05.0","2020-07-07 19:53:05.0","",74,http://www.treasureisland.local/wp-content/uploads/2020/07/a-226.mp3,0,attachment,audio/mpeg,0
170,1,"2020-07-07 19:53:06.0","2020-07-07 19:53:06.0","""S"". Track 202.",S,"",inherit,open,closed,"",s-74,"","","2020-07-07 19:53:06.0","2020-07-07 19:53:06.0","",74,http://www.treasureisland.local/wp-content/uploads/2020/07/a-202.mp3,0,attachment,audio/mpeg,0
171,1,"2020-07-07 19:53:06.0","2020-07-07 19:53:06.0","""S"". Track 154.",S,"",inherit,open,closed,"",s-75,"","","2020-07-07 19:53:06.0","2020-07-07 19:53:06.0","",74,http://www.treasureisland.local/wp-content/uploads/2020/07/a-154.mp3,0,attachment,audio/mpeg,0
172,1,"2020-07-07 19:53:06.0","2020-07-07 19:53:06.0","""S"". Track 123.",S,"",inherit,open,closed,"",s-76,"","","2020-07-07 19:53:06.0","2020-07-07 19:53:06.0","",74,http://www.treasureisland.local/wp-content/uploads/2020/07/a-123.mp3,0,attachment,audio/mpeg,0
173,1,"2020-07-07 19:53:06.0","2020-07-07 19:53:06.0","""S"". Track 71.",S,"",inherit,open,closed,"",s-77,"","","2020-07-07 19:53:06.0","2020-07-07 19:53:06.0","",74,http://www.treasureisland.local/wp-content/uploads/2020/07/a-71.mp3,0,attachment,audio/mpeg,0
174,1,"2020-07-07 19:53:07.0","2020-07-07 19:53:07.0","""S"". Track 177.",S,"",inherit,open,closed,"",s-78,"","","2020-07-07 19:53:07.0","2020-07-07 19:53:07.0","",74,http://www.treasureisland.local/wp-content/uploads/2020/07/a-177.mp3,0,attachment,audio/mpeg,0
175,1,"2020-07-07 19:53:07.0","2020-07-07 19:53:07.0","""S"". Track 205.",S,"",inherit,open,closed,"",s-79,"","","2020-07-07 19:53:07.0","2020-07-07 19:53:07.0","",74,http://www.treasureisland.local/wp-content/uploads/2020/07/a-205.mp3,0,attachment,audio/mpeg,0
176,1,"2020-07-07 19:53:07.0","2020-07-07 19:53:07.0","""S"". Track 117.",S,"",inherit,open,closed,"",s-80,"","","2020-07-07 19:53:07.0","2020-07-07 19:53:07.0","",74,http://www.treasureisland.local/wp-content/uploads/2020/07/a-117.mp3,0,attachment,audio/mpeg,0
177,1,"2020-07-07 19:53:07.0","2020-07-07 19:53:07.0","""S"". Track 139.",S,"",inherit,open,closed,"",s-81,"","","2020-07-07 19:53:07.0","2020-07-07 19:53:07.0","",74,http://www.treasureisland.local/wp-content/uploads/2020/07/a-139.mp3,0,attachment,audio/mpeg,0
178,1,"2020-07-07 19:53:07.0","2020-07-07 19:53:07.0","""S"". Track 197.",S,"",inherit,open,closed,"",s-82,"","","2020-07-07 19:53:07.0","2020-07-07 19:53:07.0","",74,http://www.treasureisland.local/wp-content/uploads/2020/07/a-197.mp3,0,attachment,audio/mpeg,0
179,1,"2020-07-07 19:53:07.0","2020-07-07 19:53:07.0","""S"". Track 58.",S,"",inherit,open,closed,"",s-83,"","","2020-07-07 19:53:07.0","2020-07-07 19:53:07.0","",74,http://www.treasureisland.local/wp-content/uploads/2020/07/a-58.mp3,0,attachment,audio/mpeg,0
180,1,"2020-07-07 19:53:08.0","2020-07-07 19:53:08.0","""S"". Track 251.",S,"",inherit,open,closed,"",s-84,"","","2020-07-07 19:53:08.0","2020-07-07 19:53:08.0","",74,http://www.treasureisland.local/wp-content/uploads/2020/07/a-251.mp3,0,attachment,audio/mpeg,0
181,1,"2020-07-07 19:53:08.0","2020-07-07 19:53:08.0","""S"". Track 90.",S,"",inherit,open,closed,"",s-85,"","","2020-07-07 19:53:08.0","2020-07-07 19:53:08.0","",74,http://www.treasureisland.local/wp-content/uploads/2020/07/a-90.mp3,0,attachment,audio/mpeg,0
182,1,"2020-07-07 19:53:08.0","2020-07-07 19:53:08.0","""S"". Track 216.",S,"",inherit,open,closed,"",s-86,"","","2020-07-07 19:53:08.0","2020-07-07 19:53:08.0","",74,http://www.treasureisland.local/wp-content/uploads/2020/07/a-216.mp3,0,attachment,audio/mpeg,0
183,1,"2020-07-07 19:53:08.0","2020-07-07 19:53:08.0","""S"". Track 153.",S,"",inherit,open,closed,"",s-87,"","","2020-07-07 19:53:08.0","2020-07-07 19:53:08.0","",74,http://www.treasureisland.local/wp-content/uploads/2020/07/a-153.mp3,0,attachment,audio/mpeg,0
184,1,"2020-07-07 19:53:08.0","2020-07-07 19:53:08.0","""S"". Track 73.",S,"",inherit,open,closed,"",s-88,"","","2020-07-07 19:53:08.0","2020-07-07 19:53:08.0","",74,http://www.treasureisland.local/wp-content/uploads/2020/07/a-73.mp3,0,attachment,audio/mpeg,0
185,1,"2020-07-07 19:53:09.0","2020-07-07 19:53:09.0","""S"". Track 267.",S,"",inherit,open,closed,"",s-89,"","","2020-07-07 19:53:09.0","2020-07-07 19:53:09.0","",74,http://www.treasureisland.local/wp-content/uploads/2020/07/a-267.mp3,0,attachment,audio/mpeg,0
186,1,"2020-07-07 19:53:09.0","2020-07-07 19:53:09.0","""S"". Track 206.",S,"",inherit,open,closed,"",s-90,"","","2020-07-07 19:53:09.0","2020-07-07 19:53:09.0","",74,http://www.treasureisland.local/wp-content/uploads/2020/07/a-206.mp3,0,attachment,audio/mpeg,0
187,1,"2020-07-07 19:53:09.0","2020-07-07 19:53:09.0","""S"". Track 92.",S,"",inherit,open,closed,"",s-91,"","","2020-07-07 19:53:09.0","2020-07-07 19:53:09.0","",74,http://www.treasureisland.local/wp-content/uploads/2020/07/a-92.mp3,0,attachment,audio/mpeg,0
188,1,"2020-07-07 19:53:09.0","2020-07-07 19:53:09.0","""S"". Track 283.",S,"",inherit,open,closed,"",s-92,"","","2020-07-07 19:53:09.0","2020-07-07 19:53:09.0","",74,http://www.treasureisland.local/wp-content/uploads/2020/07/a-283.mp3,0,attachment,audio/mpeg,0
189,1,"2020-07-07 19:53:09.0","2020-07-07 19:53:09.0","""S"". Track 261.",S,"",inherit,open,closed,"",s-93,"","","2020-07-07 19:53:09.0","2020-07-07 19:53:09.0","",74,http://www.treasureisland.local/wp-content/uploads/2020/07/a-261.mp3,0,attachment,audio/mpeg,0
190,1,"2020-07-07 19:53:10.0","2020-07-07 19:53:10.0","""S"". Track 180.",S,"",inherit,open,closed,"",s-94,"","","2020-07-07 19:53:10.0","2020-07-07 19:53:10.0","",74,http://www.treasureisland.local/wp-content/uploads/2020/07/a-180.mp3,0,attachment,audio/mpeg,0
191,1,"2020-07-07 19:53:10.0","2020-07-07 19:53:10.0","""S"". Track 45.",S,"",inherit,open,closed,"",s-95,"","","2020-07-07 19:53:10.0","2020-07-07 19:53:10.0","",74,http://www.treasureisland.local/wp-content/uploads/2020/07/a-45.mp3,0,attachment,audio/mpeg,0
192,1,"2020-07-07 19:53:10.0","2020-07-07 19:53:10.0","""S"". Track 155.",S,"",inherit,open,closed,"",s-96,"","","2020-07-07 19:53:10.0","2020-07-07 19:53:10.0","",74,http://www.treasureisland.local/wp-content/uploads/2020/07/a-155.mp3,0,attachment,audio/mpeg,0
193,1,"2020-07-07 19:53:10.0","2020-07-07 19:53:10.0","""S"". Track 112.",S,"",inherit,open,closed,"",s-97,"","","2020-07-07 19:53:10.0","2020-07-07 19:53:10.0","",74,http://www.treasureisland.local/wp-content/uploads/2020/07/a-112.mp3,0,attachment,audio/mpeg,0
194,1,"2020-07-07 19:53:10.0","2020-07-07 19:53:10.0","""S"". Track 82.",S,"",inherit,open,closed,"",s-98,"","","2020-07-07 19:53:10.0","2020-07-07 19:53:10.0","",74,http://www.treasureisland.local/wp-content/uploads/2020/07/a-82.mp3,0,attachment,audio/mpeg,0
195,1,"2020-07-07 19:53:11.0","2020-07-07 19:53:11.0","""S"". Track 258.",S,"",inherit,open,closed,"",s-99,"","","2020-07-07 19:53:11.0","2020-07-07 19:53:11.0","",74,http://www.treasureisland.local/wp-content/uploads/2020/07/a-258.mp3,0,attachment,audio/mpeg,0
196,1,"2020-07-07 19:53:11.0","2020-07-07 19:53:11.0","""S"". Track 229.",S,"",inherit,open,closed,"",s-100,"","","2020-07-07 19:53:11.0","2020-07-07 19:53:11.0","",74,http://www.treasureisland.local/wp-content/uploads/2020/07/a-229.mp3,0,attachment,audio/mpeg,0
197,1,"2020-07-07 19:53:11.0","2020-07-07 19:53:11.0","""S"". Track 142.",S,"",inherit,open,closed,"",s-101,"","","2020-07-07 19:53:11.0","2020-07-07 19:53:11.0","",74,http://www.treasureisland.local/wp-content/uploads/2020/07/a-142.mp3,0,attachment,audio/mpeg,0
198,1,"2020-07-07 19:53:11.0","2020-07-07 19:53:11.0","""S"". Track 66.",S,"",inherit,open,closed,"",s-102,"","","2020-07-07 19:53:11.0","2020-07-07 19:53:11.0","",74,http://www.treasureisland.local/wp-content/uploads/2020/07/a-66.mp3,0,attachment,audio/mpeg,0
199,1,"2020-07-07 19:53:11.0","2020-07-07 19:53:11.0","""S"". Track 87.",S,"",inherit,open,closed,"",s-103,"","","2020-07-07 19:53:11.0","2020-07-07 19:53:11.0","",74,http://www.treasureisland.local/wp-content/uploads/2020/07/a-87.mp3,0,attachment,audio/mpeg,0
200,1,"2020-07-07 19:53:11.0","2020-07-07 19:53:11.0","""S"". Track 188.",S,"",inherit,open,closed,"",s-104,"","","2020-07-07 19:53:11.0","2020-07-07 19:53:11.0","",74,http://www.treasureisland.local/wp-content/uploads/2020/07/a-188.mp3,0,attachment,audio/mpeg,0
201,1,"2020-07-07 19:53:12.0","2020-07-07 19:53:12.0","""S"". Track 126.",S,"",inherit,open,closed,"",s-105,"","","2020-07-07 19:53:12.0","2020-07-07 19:53:12.0","",74,http://www.treasureisland.local/wp-content/uploads/2020/07/a-126.mp3,0,attachment,audio/mpeg,0
202,1,"2020-07-07 19:53:12.0","2020-07-07 19:53:12.0","""S"". Track 239.",S,"",inherit,open,closed,"",s-106,"","","2020-07-07 19:53:12.0","2020-07-07 19:53:12.0","",74,http://www.treasureisland.local/wp-content/uploads/2020/07/a-239.mp3,0,attachment,audio/mpeg,0
203,1,"2020-07-07 19:53:12.0","2020-07-07 19:53:12.0","""S"". Track 134.",S,"",inherit,open,closed,"",s-107,"","","2020-07-07 19:53:12.0","2020-07-07 19:53:12.0","",74,http://www.treasureisland.local/wp-content/uploads/2020/07/a-134.mp3,0,attachment,audio/mpeg,0
204,1,"2020-07-07 19:53:12.0","2020-07-07 19:53:12.0","""S"". Track 201.",S,"",inherit,open,closed,"",s-108,"","","2020-07-07 19:53:12.0","2020-07-07 19:53:12.0","",74,http://www.treasureisland.local/wp-content/uploads/2020/07/a-201.mp3,0,attachment,audio/mpeg,0
205,1,"2020-07-07 19:53:12.0","2020-07-07 19:53:12.0","""S"". Track 86.",S,"",inherit,open,closed,"",s-109,"","","2020-07-07 19:53:12.0","2020-07-07 19:53:12.0","",74,http://www.treasureisland.local/wp-content/uploads/2020/07/a-86.mp3,0,attachment,audio/mpeg,0
206,1,"2020-07-07 19:53:13.0","2020-07-07 19:53:13.0","""S"". Track 81.",S,"",inherit,open,closed,"",s-110,"","","2020-07-07 19:53:13.0","2020-07-07 19:53:13.0","",74,http://www.treasureisland.local/wp-content/uploads/2020/07/a-81.mp3,0,attachment,audio/mpeg,0
207,1,"2020-07-07 19:53:13.0","2020-07-07 19:53:13.0","""S"". Track 151.",S,"",inherit,open,closed,"",s-111,"","","2020-07-07 19:53:13.0","2020-07-07 19:53:13.0","",74,http://www.treasureisland.local/wp-content/uploads/2020/07/a-151.mp3,0,attachment,audio/mpeg,0
208,1,"2020-07-07 19:53:13.0","2020-07-07 19:53:13.0","""S"". Track 110.",S,"",inherit,open,closed,"",s-112,"","","2020-07-07 19:53:13.0","2020-07-07 19:53:13.0","",74,http://www.treasureisland.local/wp-content/uploads/2020/07/a-110.mp3,0,attachment,audio/mpeg,0
209,1,"2020-07-07 19:53:13.0","2020-07-07 19:53:13.0","""S"". Track 67.",S,"",inherit,open,closed,"",s-113,"","","2020-07-07 19:53:13.0","2020-07-07 19:53:13.0","",74,http://www.treasureisland.local/wp-content/uploads/2020/07/a-67.mp3,0,attachment,audio/mpeg,0
210,1,"2020-07-07 19:53:13.0","2020-07-07 19:53:13.0","""S"". Track 105.",S,"",inherit,open,closed,"",s-114,"","","2020-07-07 19:53:13.0","2020-07-07 19:53:13.0","",74,http://www.treasureisland.local/wp-content/uploads/2020/07/a-105.mp3,0,attachment,audio/mpeg,0
211,1,"2020-07-07 19:53:14.0","2020-07-07 19:53:14.0","""S"". Track 162.",S,"",inherit,open,closed,"",s-115,"","","2020-07-07 19:53:14.0","2020-07-07 19:53:14.0","",74,http://www.treasureisland.local/wp-content/uploads/2020/07/a-162.mp3,0,attachment,audio/mpeg,0
212,1,"2020-07-07 19:53:14.0","2020-07-07 19:53:14.0","""S"". Track 254.",S,"",inherit,open,closed,"",s-116,"","","2020-07-07 19:53:14.0","2020-07-07 19:53:14.0","",74,http://www.treasureisland.local/wp-content/uploads/2020/07/a-254.mp3,0,attachment,audio/mpeg,0
213,1,"2020-07-07 19:53:14.0","2020-07-07 19:53:14.0","""S"". Track 262.",S,"",inherit,open,closed,"",s-117,"","","2020-07-07 19:53:14.0","2020-07-07 19:53:14.0","",74,http://www.treasureisland.local/wp-content/uploads/2020/07/a-262.mp3,0,attachment,audio/mpeg,0
214,1,"2020-07-07 19:53:14.0","2020-07-07 19:53:14.0","""S"". Track 219.",S,"",inherit,open,closed,"",s-118,"","","2020-07-07 19:53:14.0","2020-07-07 19:53:14.0","",74,http://www.treasureisland.local/wp-content/uploads/2020/07/a-219.mp3,0,attachment,audio/mpeg,0
215,1,"2020-07-07 19:53:14.0","2020-07-07 19:53:14.0","""S"". Track 190.",S,"",inherit,open,closed,"",s-119,"","","2020-07-07 19:53:14.0","2020-07-07 19:53:14.0","",74,http://www.treasureisland.local/wp-content/uploads/2020/07/a-190.mp3,0,attachment,audio/mpeg,0
216,1,"2020-07-07 19:53:15.0","2020-07-07 19:53:15.0","""S"". Track 203.",S,"",inherit,open,closed,"",s-120,"","","2020-07-07 19:53:15.0","2020-07-07 19:53:15.0","",74,http://www.treasureisland.local/wp-content/uploads/2020/07/a-203.mp3,0,attachment,audio/mpeg,0
217,1,"2020-07-07 19:53:15.0","2020-07-07 19:53:15.0","""S"". Track 250.",S,"",inherit,open,closed,"",s-121,"","","2020-07-07 19:53:15.0","2020-07-07 19:53:15.0","",74,http://www.treasureisland.local/wp-content/uploads/2020/07/a-250.mp3,0,attachment,audio/mpeg,0
218,1,"2020-07-07 19:53:15.0","2020-07-07 19:53:15.0","""S"". Track 75.",S,"",inherit,open,closed,"",s-122,"","","2020-07-07 19:53:15.0","2020-07-07 19:53:15.0","",74,http://www.treasureisland.local/wp-content/uploads/2020/07/a-75.mp3,0,attachment,audio/mpeg,0
219,1,"2020-07-07 19:53:15.0","2020-07-07 19:53:15.0","""S"". Track 269.",S,"",inherit,open,closed,"",s-123,"","","2020-07-07 19:53:15.0","2020-07-07 19:53:15.0","",74,http://www.treasureisland.local/wp-content/uploads/2020/07/a-269.mp3,0,attachment,audio/mpeg,0
220,1,"2020-07-07 19:53:15.0","2020-07-07 19:53:15.0","""S"". Track 156.",S,"",inherit,open,closed,"",s-124,"","","2020-07-07 19:53:15.0","2020-07-07 19:53:15.0","",74,http://www.treasureisland.local/wp-content/uploads/2020/07/a-156.mp3,0,attachment,audio/mpeg,0
221,1,"2020-07-07 19:53:16.0","2020-07-07 19:53:16.0","""S"". Track 49.",S,"",inherit,open,closed,"",s-125,"","","2020-07-07 19:53:16.0","2020-07-07 19:53:16.0","",74,http://www.treasureisland.local/wp-content/uploads/2020/07/a-49.mp3,0,attachment,audio/mpeg,0
222,1,"2020-07-07 19:53:16.0","2020-07-07 19:53:16.0","""S"". Track 52.",S,"",inherit,open,closed,"",s-126,"","","2020-07-07 19:53:16.0","2020-07-07 19:53:16.0","",74,http://www.treasureisland.local/wp-content/uploads/2020/07/a-52.mp3,0,attachment,audio/mpeg,0
223,1,"2020-07-07 19:53:16.0","2020-07-07 19:53:16.0","""S"". Track 109.",S,"",inherit,open,closed,"",s-127,"","","2020-07-07 19:53:16.0","2020-07-07 19:53:16.0","",74,http://www.treasureisland.local/wp-content/uploads/2020/07/a-109.mp3,0,attachment,audio/mpeg,0
224,1,"2020-07-07 19:53:16.0","2020-07-07 19:53:16.0","""S"". Track 161.",S,"",inherit,open,closed,"",s-128,"","","2020-07-07 19:53:16.0","2020-07-07 19:53:16.0","",74,http://www.treasureisland.local/wp-content/uploads/2020/07/a-161.mp3,0,attachment,audio/mpeg,0
225,1,"2020-07-07 19:53:17.0","2020-07-07 19:53:17.0","""S"". Track 130.",S,"",inherit,open,closed,"",s-129,"","","2020-07-07 19:53:17.0","2020-07-07 19:53:17.0","",74,http://www.treasureisland.local/wp-content/uploads/2020/07/a-130.mp3,0,attachment,audio/mpeg,0
226,1,"2020-07-07 19:53:17.0","2020-07-07 19:53:17.0","""S"". Track 51.",S,"",inherit,open,closed,"",s-130,"","","2020-07-07 19:53:17.0","2020-07-07 19:53:17.0","",74,http://www.treasureisland.local/wp-content/uploads/2020/07/a-51.mp3,0,attachment,audio/mpeg,0
227,1,"2020-07-07 19:53:17.0","2020-07-07 19:53:17.0","""S"". Track 279.",S,"",inherit,open,closed,"",s-131,"","","2020-07-07 19:53:17.0","2020-07-07 19:53:17.0","",74,http://www.treasureisland.local/wp-content/uploads/2020/07/a-279.mp3,0,attachment,audio/mpeg,0
228,1,"2020-07-07 19:53:17.0","2020-07-07 19:53:17.0","""S"". Track 194.",S,"",inherit,open,closed,"",s-132,"","","2020-07-07 19:53:17.0","2020-07-07 19:53:17.0","",74,http://www.treasureisland.local/wp-content/uploads/2020/07/a-194.mp3,0,attachment,audio/mpeg,0
229,1,"2020-07-07 19:53:17.0","2020-07-07 19:53:17.0","""S"". Track 199.",S,"",inherit,open,closed,"",s-133,"","","2020-07-07 19:53:17.0","2020-07-07 19:53:17.0","",74,http://www.treasureisland.local/wp-content/uploads/2020/07/a-199.mp3,0,attachment,audio/mpeg,0
230,1,"2020-07-07 19:53:18.0","2020-07-07 19:53:18.0","""S"". Track 104.",S,"",inherit,open,closed,"",s-134,"","","2020-07-07 19:53:18.0","2020-07-07 19:53:18.0","",74,http://www.treasureisland.local/wp-content/uploads/2020/07/a-104.mp3,0,attachment,audio/mpeg,0
231,1,"2020-07-07 19:53:18.0","2020-07-07 19:53:18.0","""S"". Track 249.",S,"",inherit,open,closed,"",s-135,"","","2020-07-07 19:53:18.0","2020-07-07 19:53:18.0","",74,http://www.treasureisland.local/wp-content/uploads/2020/07/a-249.mp3,0,attachment,audio/mpeg,0
232,1,"2020-07-07 19:53:18.0","2020-07-07 19:53:18.0","""S"". Track 268.",S,"",inherit,open,closed,"",s-136,"","","2020-07-07 19:53:18.0","2020-07-07 19:53:18.0","",74,http://www.treasureisland.local/wp-content/uploads/2020/07/a-268.mp3,0,attachment,audio/mpeg,0
233,1,"2020-07-07 19:53:18.0","2020-07-07 19:53:18.0","""S"". Track 101.",S,"",inherit,open,closed,"",s-137,"","","2020-07-07 19:53:18.0","2020-07-07 19:53:18.0","",74,http://www.treasureisland.local/wp-content/uploads/2020/07/a-101.mp3,0,attachment,audio/mpeg,0
234,1,"2020-07-07 19:53:19.0","2020-07-07 19:53:19.0","""S"". Track 98.",S,"",inherit,open,closed,"",s-138,"","","2020-07-07 19:53:19.0","2020-07-07 19:53:19.0","",74,http://www.treasureisland.local/wp-content/uploads/2020/07/a-98.mp3,0,attachment,audio/mpeg,0
235,1,"2020-07-07 19:53:19.0","2020-07-07 19:53:19.0","""S"". Track 270.",S,"",inherit,open,closed,"",s-139,"","","2020-07-07 19:53:19.0","2020-07-07 19:53:19.0","",74,http://www.treasureisland.local/wp-content/uploads/2020/07/a-270.mp3,0,attachment,audio/mpeg,0
236,1,"2020-07-07 19:53:19.0","2020-07-07 19:53:19.0","""S"". Track 133.",S,"",inherit,open,closed,"",s-140,"","","2020-07-07 19:53:19.0","2020-07-07 19:53:19.0","",74,http://www.treasureisland.local/wp-content/uploads/2020/07/a-133.mp3,0,attachment,audio/mpeg,0
237,1,"2020-07-07 19:53:19.0","2020-07-07 19:53:19.0","""S"". Track 53.",S,"",inherit,open,closed,"",s-141,"","","2020-07-07 19:53:19.0","2020-07-07 19:53:19.0","",74,http://www.treasureisland.local/wp-content/uploads/2020/07/a-53.mp3,0,attachment,audio/mpeg,0
238,1,"2020-07-07 19:53:19.0","2020-07-07 19:53:19.0","""S"". Track 175.",S,"",inherit,open,closed,"",s-142,"","","2020-07-07 19:53:19.0","2020-07-07 19:53:19.0","",74,http://www.treasureisland.local/wp-content/uploads/2020/07/a-175.mp3,0,attachment,audio/mpeg,0
239,1,"2020-07-07 19:53:20.0","2020-07-07 19:53:20.0","""S"". Track 174.",S,"",inherit,open,closed,"",s-143,"","","2020-07-07 19:53:20.0","2020-07-07 19:53:20.0","",74,http://www.treasureisland.local/wp-content/uploads/2020/07/a-174.mp3,0,attachment,audio/mpeg,0
240,1,"2020-07-07 19:53:20.0","2020-07-07 19:53:20.0","""S"". Track 278.",S,"",inherit,open,closed,"",s-144,"","","2020-07-07 19:53:20.0","2020-07-07 19:53:20.0","",74,http://www.treasureisland.local/wp-content/uploads/2020/07/a-278.mp3,0,attachment,audio/mpeg,0
241,1,"2020-07-07 19:53:20.0","2020-07-07 19:53:20.0","""S"". Track 50.",S,"",inherit,open,closed,"",s-145,"","","2020-07-07 19:53:20.0","2020-07-07 19:53:20.0","",74,http://www.treasureisland.local/wp-content/uploads/2020/07/a-50.mp3,0,attachment,audio/mpeg,0
242,1,"2020-07-07 19:53:20.0","2020-07-07 19:53:20.0","""S"". Track 121.",S,"",inherit,open,closed,"",s-146,"","","2020-07-07 19:53:20.0","2020-07-07 19:53:20.0","",74,http://www.treasureisland.local/wp-content/uploads/2020/07/a-121.mp3,0,attachment,audio/mpeg,0
243,1,"2020-07-07 19:53:20.0","2020-07-07 19:53:20.0","""S"". Track 224.",S,"",inherit,open,closed,"",s-147,"","","2020-07-07 19:53:20.0","2020-07-07 19:53:20.0","",74,http://www.treasureisland.local/wp-content/uploads/2020/07/a-224.mp3,0,attachment,audio/mpeg,0
244,1,"2020-07-07 19:53:21.0","2020-07-07 19:53:21.0","""S"". Track 93.",S,"",inherit,open,closed,"",s-148,"","","2020-07-07 19:53:21.0","2020-07-07 19:53:21.0","",74,http://www.treasureisland.local/wp-content/uploads/2020/07/a-93.mp3,0,attachment,audio/mpeg,0
245,1,"2020-07-07 19:53:21.0","2020-07-07 19:53:21.0","""S"". Track 195.",S,"",inherit,open,closed,"",s-149,"","","2020-07-07 19:53:21.0","2020-07-07 19:53:21.0","",74,http://www.treasureisland.local/wp-content/uploads/2020/07/a-195.mp3,0,attachment,audio/mpeg,0
246,1,"2020-07-07 19:53:21.0","2020-07-07 19:53:21.0","""S"". Track 181.",S,"",inherit,open,closed,"",s-150,"","","2020-07-07 19:53:21.0","2020-07-07 19:53:21.0","",74,http://www.treasureisland.local/wp-content/uploads/2020/07/a-181.mp3,0,attachment,audio/mpeg,0
247,1,"2020-07-07 19:53:21.0","2020-07-07 19:53:21.0","""S"". Track 165.",S,"",inherit,open,closed,"",s-151,"","","2020-07-07 19:53:21.0","2020-07-07 19:53:21.0","",74,http://www.treasureisland.local/wp-content/uploads/2020/07/a-165.mp3,0,attachment,audio/mpeg,0
248,1,"2020-07-07 19:53:21.0","2020-07-07 19:53:21.0","""S"". Track 266.",S,"",inherit,open,closed,"",s-152,"","","2020-07-07 19:53:21.0","2020-07-07 19:53:21.0","",74,http://www.treasureisland.local/wp-content/uploads/2020/07/a-266.mp3,0,attachment,audio/mpeg,0
249,1,"2020-07-07 19:53:22.0","2020-07-07 19:53:22.0","""S"". Track 245.",S,"",inherit,open,closed,"",s-153,"","","2020-07-07 19:53:22.0","2020-07-07 19:53:22.0","",74,http://www.treasureisland.local/wp-content/uploads/2020/07/a-245.mp3,0,attachment,audio/mpeg,0
250,1,"2020-07-07 19:53:22.0","2020-07-07 19:53:22.0","""S"". Track 275.",S,"",inherit,open,closed,"",s-154,"","","2020-07-07 19:53:22.0","2020-07-07 19:53:22.0","",74,http://www.treasureisland.local/wp-content/uploads/2020/07/a-275.mp3,0,attachment,audio/mpeg,0
251,1,"2020-07-07 19:53:22.0","2020-07-07 19:53:22.0","""S"". Track 54.",S,"",inherit,open,closed,"",s-155,"","","2020-07-07 19:53:22.0","2020-07-07 19:53:22.0","",74,http://www.treasureisland.local/wp-content/uploads/2020/07/a-54.mp3,0,attachment,audio/mpeg,0
252,1,"2020-07-07 19:53:22.0","2020-07-07 19:53:22.0","""S"". Track 213.",S,"",inherit,open,closed,"",s-156,"","","2020-07-07 19:53:22.0","2020-07-07 19:53:22.0","",74,http://www.treasureisland.local/wp-content/uploads/2020/07/a-213.mp3,0,attachment,audio/mpeg,0
253,1,"2020-07-07 19:53:22.0","2020-07-07 19:53:22.0","""S"". Track 236.",S,"",inherit,open,closed,"",s-157,"","","2020-07-07 19:53:22.0","2020-07-07 19:53:22.0","",74,http://www.treasureisland.local/wp-content/uploads/2020/07/a-236.mp3,0,attachment,audio/mpeg,0
254,1,"2020-07-07 19:53:23.0","2020-07-07 19:53:23.0","""S"". Track 232.",S,"",inherit,open,closed,"",s-158,"","","2020-07-07 19:53:23.0","2020-07-07 19:53:23.0","",74,http://www.treasureisland.local/wp-content/uploads/2020/07/a-232.mp3,0,attachment,audio/mpeg,0
255,1,"2020-07-07 19:53:23.0","2020-07-07 19:53:23.0","""S"". Track 103.",S,"",inherit,open,closed,"",s-159,"","","2020-07-07 19:53:23.0","2020-07-07 19:53:23.0","",74,http://www.treasureisland.local/wp-content/uploads/2020/07/a-103.mp3,0,attachment,audio/mpeg,0
256,1,"2020-07-07 19:53:23.0","2020-07-07 19:53:23.0","""S"". Track 237.",S,"",inherit,open,closed,"",s-160,"","","2020-07-07 19:53:23.0","2020-07-07 19:53:23.0","",74,http://www.treasureisland.local/wp-content/uploads/2020/07/a-237.mp3,0,attachment,audio/mpeg,0
257,1,"2020-07-07 19:53:23.0","2020-07-07 19:53:23.0","""S"". Track 106.",S,"",inherit,open,closed,"",s-161,"","","2020-07-07 19:53:23.0","2020-07-07 19:53:23.0","",74,http://www.treasureisland.local/wp-content/uploads/2020/07/a-106.mp3,0,attachment,audio/mpeg,0
258,1,"2020-07-07 19:53:24.0","2020-07-07 19:53:24.0","""S"". Track 100.",S,"",inherit,open,closed,"",s-162,"","","2020-07-07 19:53:24.0","2020-07-07 19:53:24.0","",74,http://www.treasureisland.local/wp-content/uploads/2020/07/a-100.mp3,0,attachment,audio/mpeg,0
259,1,"2020-07-07 19:53:24.0","2020-07-07 19:53:24.0","""S"". Track 184.",S,"",inherit,open,closed,"",s-163,"","","2020-07-07 19:53:24.0","2020-07-07 19:53:24.0","",74,http://www.treasureisland.local/wp-content/uploads/2020/07/a-184.mp3,0,attachment,audio/mpeg,0
260,1,"2020-07-07 19:53:24.0","2020-07-07 19:53:24.0","""S"". Track 187.",S,"",inherit,open,closed,"",s-164,"","","2020-07-07 19:53:24.0","2020-07-07 19:53:24.0","",74,http://www.treasureisland.local/wp-content/uploads/2020/07/a-187.mp3,0,attachment,audio/mpeg,0
261,1,"2020-07-07 19:53:24.0","2020-07-07 19:53:24.0","""S"". Track 274.",S,"",inherit,open,closed,"",s-165,"","","2020-07-07 19:53:24.0","2020-07-07 19:53:24.0","",74,http://www.treasureisland.local/wp-content/uploads/2020/07/a-274.mp3,0,attachment,audio/mpeg,0
262,1,"2020-07-07 19:53:24.0","2020-07-07 19:53:24.0","""S"". Track 246.",S,"",inherit,open,closed,"",s-166,"","","2020-07-07 19:53:24.0","2020-07-07 19:53:24.0","",74,http://www.treasureisland.local/wp-content/uploads/2020/07/a-246.mp3,0,attachment,audio/mpeg,0
263,1,"2020-07-07 19:53:25.0","2020-07-07 19:53:25.0","""S"". Track 129.",S,"",inherit,open,closed,"",s-167,"","","2020-07-07 19:53:25.0","2020-07-07 19:53:25.0","",74,http://www.treasureisland.local/wp-content/uploads/2020/07/a-129.mp3,0,attachment,audio/mpeg,0
264,1,"2020-07-07 19:53:25.0","2020-07-07 19:53:25.0","""S"". Track 95.",S,"",inherit,open,closed,"",s-168,"","","2020-07-07 19:53:25.0","2020-07-07 19:53:25.0","",74,http://www.treasureisland.local/wp-content/uploads/2020/07/a-95.mp3,0,attachment,audio/mpeg,0
265,1,"2020-07-07 19:53:25.0","2020-07-07 19:53:25.0","""S"". Track 160.",S,"",inherit,open,closed,"",s-169,"","","2020-07-07 19:53:25.0","2020-07-07 19:53:25.0","",74,http://www.treasureisland.local/wp-content/uploads/2020/07/a-160.mp3,0,attachment,audio/mpeg,0
266,1,"2020-07-07 19:53:25.0","2020-07-07 19:53:25.0","""S"". Track 91.",S,"",inherit,open,closed,"",s-170,"","","2020-07-07 19:53:25.0","2020-07-07 19:53:25.0","",74,http://www.treasureisland.local/wp-content/uploads/2020/07/a-91.mp3,0,attachment,audio/mpeg,0
267,1,"2020-07-07 19:53:26.0","2020-07-07 19:53:26.0","""S"". Track 271.",S,"",inherit,open,closed,"",s-171,"","","2020-07-07 19:53:26.0","2020-07-07 19:53:26.0","",74,http://www.treasureisland.local/wp-content/uploads/2020/07/a-271.mp3,0,attachment,audio/mpeg,0
268,1,"2020-07-07 19:53:26.0","2020-07-07 19:53:26.0","""S"". Track 284.",S,"",inherit,open,closed,"",s-172,"","","2020-07-07 19:53:26.0","2020-07-07 19:53:26.0","",74,http://www.treasureisland.local/wp-content/uploads/2020/07/a-284.mp3,0,attachment,audio/mpeg,0
269,1,"2020-07-07 19:53:26.0","2020-07-07 19:53:26.0","""S"". Track 171.",S,"",inherit,open,closed,"",s-173,"","","2020-07-07 19:53:26.0","2020-07-07 19:53:26.0","",74,http://www.treasureisland.local/wp-content/uploads/2020/07/a-171.mp3,0,attachment,audio/mpeg,0
270,1,"2020-07-07 19:53:26.0","2020-07-07 19:53:26.0","""S"". Track 119.",S,"",inherit,open,closed,"",s-174,"","","2020-07-07 19:53:26.0","2020-07-07 19:53:26.0","",74,http://www.treasureisland.local/wp-content/uploads/2020/07/a-119.mp3,0,attachment,audio/mpeg,0
271,1,"2020-07-07 19:53:26.0","2020-07-07 19:53:26.0","""S"". Track 152.",S,"",inherit,open,closed,"",s-175,"","","2020-07-07 19:53:26.0","2020-07-07 19:53:26.0","",74,http://www.treasureisland.local/wp-content/uploads/2020/07/a-152.mp3,0,attachment,audio/mpeg,0
272,1,"2020-07-07 19:53:27.0","2020-07-07 19:53:27.0","""S"". Track 158.",S,"",inherit,open,closed,"",s-176,"","","2020-07-07 19:53:27.0","2020-07-07 19:53:27.0","",74,http://www.treasureisland.local/wp-content/uploads/2020/07/a-158.mp3,0,attachment,audio/mpeg,0
273,1,"2020-07-07 19:53:27.0","2020-07-07 19:53:27.0","""S"". Track 137.",S,"",inherit,open,closed,"",s-177,"","","2020-07-07 19:53:27.0","2020-07-07 19:53:27.0","",74,http://www.treasureisland.local/wp-content/uploads/2020/07/a-137.mp3,0,attachment,audio/mpeg,0
274,1,"2020-07-07 19:53:27.0","2020-07-07 19:53:27.0","""S"". Track 46.",S,"",inherit,open,closed,"",s-178,"","","2020-07-07 19:53:27.0","2020-07-07 19:53:27.0","",74,http://www.treasureisland.local/wp-content/uploads/2020/07/a-46.mp3,0,attachment,audio/mpeg,0
275,1,"2020-07-07 19:53:27.0","2020-07-07 19:53:27.0","""S"". Track 163.",S,"",inherit,open,closed,"",s-179,"","","2020-07-07 19:53:27.0","2020-07-07 19:53:27.0","",74,http://www.treasureisland.local/wp-content/uploads/2020/07/a-163.mp3,0,attachment,audio/mpeg,0
276,1,"2020-07-07 19:53:27.0","2020-07-07 19:53:27.0","""S"". Track 178.",S,"",inherit,open,closed,"",s-180,"","","2020-07-07 19:53:27.0","2020-07-07 19:53:27.0","",74,http://www.treasureisland.local/wp-content/uploads/2020/07/a-178.mp3,0,attachment,audio/mpeg,0
277,1,"2020-07-07 19:53:28.0","2020-07-07 19:53:28.0","""S"". Track 192.",S,"",inherit,open,closed,"",s-181,"","","2020-07-07 19:53:28.0","2020-07-07 19:53:28.0","",74,http://www.treasureisland.local/wp-content/uploads/2020/07/a-192.mp3,0,attachment,audio/mpeg,0
278,1,"2020-07-07 19:53:28.0","2020-07-07 19:53:28.0","""S"". Track 108.",S,"",inherit,open,closed,"",s-182,"","","2020-07-07 19:53:28.0","2020-07-07 19:53:28.0","",74,http://www.treasureisland.local/wp-content/uploads/2020/07/a-108.mp3,0,attachment,audio/mpeg,0
279,1,"2020-07-07 19:53:28.0","2020-07-07 19:53:28.0","""S"". Track 96.",S,"",inherit,open,closed,"",s-183,"","","2020-07-07 19:53:28.0","2020-07-07 19:53:28.0","",74,http://www.treasureisland.local/wp-content/uploads/2020/07/a-96.mp3,0,attachment,audio/mpeg,0
280,1,"2020-07-07 19:53:28.0","2020-07-07 19:53:28.0","""S"". Track 47.",S,"",inherit,open,closed,"",s-184,"","","2020-07-07 19:53:28.0","2020-07-07 19:53:28.0","",74,http://www.treasureisland.local/wp-content/uploads/2020/07/a-47.mp3,0,attachment,audio/mpeg,0
281,1,"2020-07-07 19:53:28.0","2020-07-07 19:53:28.0","""S"". Track 145.",S,"",inherit,open,closed,"",s-185,"","","2020-07-07 19:53:28.0","2020-07-07 19:53:28.0","",74,http://www.treasureisland.local/wp-content/uploads/2020/07/a-145.mp3,0,attachment,audio/mpeg,0
282,1,"2020-07-07 19:53:29.0","2020-07-07 19:53:29.0","""S"". Track 48.",S,"",inherit,open,closed,"",s-186,"","","2020-07-07 19:53:29.0","2020-07-07 19:53:29.0","",74,http://www.treasureisland.local/wp-content/uploads/2020/07/a-48.mp3,0,attachment,audio/mpeg,0
283,1,"2020-07-07 19:53:29.0","2020-07-07 19:53:29.0","""S"". Track 209.",S,"",inherit,open,closed,"",s-187,"","","2020-07-07 19:53:29.0","2020-07-07 19:53:29.0","",74,http://www.treasureisland.local/wp-content/uploads/2020/07/a-209.mp3,0,attachment,audio/mpeg,0
284,1,"2020-07-07 19:53:29.0","2020-07-07 19:53:29.0","""S"". Track 259.",S,"",inherit,open,closed,"",s-188,"","","2020-07-07 19:53:29.0","2020-07-07 19:53:29.0","",74,http://www.treasureisland.local/wp-content/uploads/2020/07/a-259.mp3,0,attachment,audio/mpeg,0
285,1,"2020-07-07 19:53:29.0","2020-07-07 19:53:29.0","""S"". Track 148.",S,"",inherit,open,closed,"",s-189,"","","2020-07-07 19:53:29.0","2020-07-07 19:53:29.0","",74,http://www.treasureisland.local/wp-content/uploads/2020/07/a-148.mp3,0,attachment,audio/mpeg,0
286,1,"2020-07-07 19:53:30.0","2020-07-07 19:53:30.0","""S"". Track 233.",S,"",inherit,open,closed,"",s-190,"","","2020-07-07 19:53:30.0","2020-07-07 19:53:30.0","",74,http://www.treasureisland.local/wp-content/uploads/2020/07/a-233.mp3,0,attachment,audio/mpeg,0
287,1,"2020-07-07 19:53:30.0","2020-07-07 19:53:30.0","""S"". Track 182.",S,"",inherit,open,closed,"",s-191,"","","2020-07-07 19:53:30.0","2020-07-07 19:53:30.0","",74,http://www.treasureisland.local/wp-content/uploads/2020/07/a-182.mp3,0,attachment,audio/mpeg,0
288,1,"2020-07-07 19:53:30.0","2020-07-07 19:53:30.0","""S"". Track 116.",S,"",inherit,open,closed,"",s-192,"","","2020-07-07 19:53:30.0","2020-07-07 19:53:30.0","",74,http://www.treasureisland.local/wp-content/uploads/2020/07/a-116.mp3,0,attachment,audio/mpeg,0
289,1,"2020-07-07 19:53:30.0","2020-07-07 19:53:30.0","""S"". Track 118.",S,"",inherit,open,closed,"",s-193,"","","2020-07-07 19:53:30.0","2020-07-07 19:53:30.0","",74,http://www.treasureisland.local/wp-content/uploads/2020/07/a-118.mp3,0,attachment,audio/mpeg,0
290,1,"2020-07-07 19:53:31.0","2020-07-07 19:53:31.0","""S"". Track 70.",S,"",inherit,open,closed,"",s-194,"","","2020-07-07 19:53:31.0","2020-07-07 19:53:31.0","",74,http://www.treasureisland.local/wp-content/uploads/2020/07/a-70.mp3,0,attachment,audio/mpeg,0
291,1,"2020-07-07 19:53:31.0","2020-07-07 19:53:31.0","""S"". Track 204.",S,"",inherit,open,closed,"",s-195,"","","2020-07-07 19:53:31.0","2020-07-07 19:53:31.0","",74,http://www.treasureisland.local/wp-content/uploads/2020/07/a-204.mp3,0,attachment,audio/mpeg,0
292,1,"2020-07-07 19:53:31.0","2020-07-07 19:53:31.0","""S"". Track 128.",S,"",inherit,open,closed,"",s-196,"","","2020-07-07 19:53:31.0","2020-07-07 19:53:31.0","",74,http://www.treasureisland.local/wp-content/uploads/2020/07/a-128.mp3,0,attachment,audio/mpeg,0
293,1,"2020-07-07 19:53:31.0","2020-07-07 19:53:31.0","""S"". Track 136.",S,"",inherit,open,closed,"",s-197,"","","2020-07-07 19:53:31.0","2020-07-07 19:53:31.0","",74,http://www.treasureisland.local/wp-content/uploads/2020/07/a-136.mp3,0,attachment,audio/mpeg,0
294,1,"2020-07-07 19:53:31.0","2020-07-07 19:53:31.0","""S"". Track 141.",S,"",inherit,open,closed,"",s-198,"","","2020-07-07 19:53:31.0","2020-07-07 19:53:31.0","",74,http://www.treasureisland.local/wp-content/uploads/2020/07/a-141.mp3,0,attachment,audio/mpeg,0
295,1,"2020-07-07 19:53:32.0","2020-07-07 19:53:32.0","""S"". Track 212.",S,"",inherit,open,closed,"",s-199,"","","2020-07-07 19:53:32.0","2020-07-07 19:53:32.0","",74,http://www.treasureisland.local/wp-content/uploads/2020/07/a-212.mp3,0,attachment,audio/mpeg,0
296,1,"2020-07-07 19:53:32.0","2020-07-07 19:53:32.0","""S"". Track 144.",S,"",inherit,open,closed,"",s-200,"","","2020-07-07 19:53:32.0","2020-07-07 19:53:32.0","",74,http://www.treasureisland.local/wp-content/uploads/2020/07/a-144.mp3,0,attachment,audio/mpeg,0
297,1,"2020-07-07 19:53:32.0","2020-07-07 19:53:32.0","""S"". Track 159.",S,"",inherit,open,closed,"",s-201,"","","2020-07-07 19:53:32.0","2020-07-07 19:53:32.0","",74,http://www.treasureisland.local/wp-content/uploads/2020/07/a-159.mp3,0,attachment,audio/mpeg,0
298,1,"2020-07-07 19:53:32.0","2020-07-07 19:53:32.0","""S"". Track 247.",S,"",inherit,open,closed,"",s-202,"","","2020-07-07 19:53:32.0","2020-07-07 19:53:32.0","",74,http://www.treasureisland.local/wp-content/uploads/2020/07/a-247.mp3,0,attachment,audio/mpeg,0
299,1,"2020-07-07 19:53:33.0","2020-07-07 19:53:33.0","""S"". Track 253.",S,"",inherit,open,closed,"",s-203,"","","2020-07-07 19:53:33.0","2020-07-07 19:53:33.0","",74,http://www.treasureisland.local/wp-content/uploads/2020/07/a-253.mp3,0,attachment,audio/mpeg,0
300,1,"2020-07-07 19:53:33.0","2020-07-07 19:53:33.0","""S"". Track 240.",S,"",inherit,open,closed,"",s-204,"","","2020-07-07 19:53:33.0","2020-07-07 19:53:33.0","",74,http://www.treasureisland.local/wp-content/uploads/2020/07/a-240.mp3,0,attachment,audio/mpeg,0
301,1,"2020-07-07 19:53:33.0","2020-07-07 19:53:33.0","""S"". Track 120.",S,"",inherit,open,closed,"",s-205,"","","2020-07-07 19:53:33.0","2020-07-07 19:53:33.0","",74,http://www.treasureisland.local/wp-content/uploads/2020/07/a-120.mp3,0,attachment,audio/mpeg,0
302,1,"2020-07-07 19:53:33.0","2020-07-07 19:53:33.0","""S"". Track 55.",S,"",inherit,open,closed,"",s-206,"","","2020-07-07 19:53:33.0","2020-07-07 19:53:33.0","",74,http://www.treasureisland.local/wp-content/uploads/2020/07/a-55.mp3,0,attachment,audio/mpeg,0
303,1,"2020-07-07 19:53:34.0","2020-07-07 19:53:34.0","""S"". Track 265.",S,"",inherit,open,closed,"",s-207,"","","2020-07-07 19:53:34.0","2020-07-07 19:53:34.0","",74,http://www.treasureisland.local/wp-content/uploads/2020/07/a-265.mp3,0,attachment,audio/mpeg,0
304,1,"2020-07-07 19:53:34.0","2020-07-07 19:53:34.0","""S"". Track 176.",S,"",inherit,open,closed,"",s-208,"","","2020-07-07 19:53:34.0","2020-07-07 19:53:34.0","",74,http://www.treasureisland.local/wp-content/uploads/2020/07/a-176.mp3,0,attachment,audio/mpeg,0
305,1,"2020-07-07 19:53:34.0","2020-07-07 19:53:34.0","""S"". Track 64.",S,"",inherit,open,closed,"",s-209,"","","2020-07-07 19:53:34.0","2020-07-07 19:53:34.0","",74,http://www.treasureisland.local/wp-content/uploads/2020/07/a-64.mp3,0,attachment,audio/mpeg,0
306,1,"2020-07-07 19:53:34.0","2020-07-07 19:53:34.0","""S"". Track 191.",S,"",inherit,open,closed,"",s-210,"","","2020-07-07 19:53:34.0","2020-07-07 19:53:34.0","",74,http://www.treasureisland.local/wp-content/uploads/2020/07/a-191.mp3,0,attachment,audio/mpeg,0
307,1,"2020-07-07 19:53:35.0","2020-07-07 19:53:35.0","""S"". Track 257.",S,"",inherit,open,closed,"",s-211,"","","2020-07-07 19:53:35.0","2020-07-07 19:53:35.0","",74,http://www.treasureisland.local/wp-content/uploads/2020/07/a-257.mp3,0,attachment,audio/mpeg,0
308,1,"2020-07-07 19:53:35.0","2020-07-07 19:53:35.0","""S"". Track 173.",S,"",inherit,open,closed,"",s-212,"","","2020-07-07 19:53:35.0","2020-07-07 19:53:35.0","",74,http://www.treasureisland.local/wp-content/uploads/2020/07/a-173.mp3,0,attachment,audio/mpeg,0
309,1,"2020-07-07 19:53:35.0","2020-07-07 19:53:35.0","""S"". Track 60.",S,"",inherit,open,closed,"",s-213,"","","2020-07-07 19:53:35.0","2020-07-07 19:53:35.0","",74,http://www.treasureisland.local/wp-content/uploads/2020/07/a-60.mp3,0,attachment,audio/mpeg,0
310,1,"2020-07-07 19:53:35.0","2020-07-07 19:53:35.0","""S"". Track 149.",S,"",inherit,open,closed,"",s-214,"","","2020-07-07 19:53:35.0","2020-07-07 19:53:35.0","",74,http://www.treasureisland.local/wp-content/uploads/2020/07/a-149.mp3,0,attachment,audio/mpeg,0
311,1,"2020-07-07 19:53:35.0","2020-07-07 19:53:35.0","""S"". Track 280.",S,"",inherit,open,closed,"",s-215,"","","2020-07-07 19:53:35.0","2020-07-07 19:53:35.0","",74,http://www.treasureisland.local/wp-content/uploads/2020/07/a-280.mp3,0,attachment,audio/mpeg,0
312,1,"2020-07-07 19:53:36.0","2020-07-07 19:53:36.0","""S"". Track 282.",S,"",inherit,open,closed,"",s-216,"","","2020-07-07 19:53:36.0","2020-07-07 19:53:36.0","",74,http://www.treasureisland.local/wp-content/uploads/2020/07/a-282.mp3,0,attachment,audio/mpeg,0
313,1,"2020-07-07 19:53:36.0","2020-07-07 19:53:36.0","""S"". Track 147.",S,"",inherit,open,closed,"",s-217,"","","2020-07-07 19:53:36.0","2020-07-07 19:53:36.0","",74,http://www.treasureisland.local/wp-content/uploads/2020/07/a-147.mp3,0,attachment,audio/mpeg,0
314,1,"2020-07-07 19:53:36.0","2020-07-07 19:53:36.0","""S"". Track 146.",S,"",inherit,open,closed,"",s-218,"","","2020-07-07 19:53:36.0","2020-07-07 19:53:36.0","",74,http://www.treasureisland.local/wp-content/uploads/2020/07/a-146.mp3,0,attachment,audio/mpeg,0
315,1,"2020-07-07 19:53:36.0","2020-07-07 19:53:36.0","""S"". Track 215.",S,"",inherit,open,closed,"",s-219,"","","2020-07-07 19:53:36.0","2020-07-07 19:53:36.0","",74,http://www.treasureisland.local/wp-content/uploads/2020/07/a-215.mp3,0,attachment,audio/mpeg,0
316,1,"2020-07-07 19:53:37.0","2020-07-07 19:53:37.0","""S"". Track 113.",S,"",inherit,open,closed,"",s-220,"","","2020-07-07 19:53:37.0","2020-07-07 19:53:37.0","",74,http://www.treasureisland.local/wp-content/uploads/2020/07/a-113.mp3,0,attachment,audio/mpeg,0
317,1,"2020-07-07 19:53:37.0","2020-07-07 19:53:37.0","""S"". Track 260.",S,"",inherit,open,closed,"",s-221,"","","2020-07-07 19:53:37.0","2020-07-07 19:53:37.0","",74,http://www.treasureisland.local/wp-content/uploads/2020/07/a-260.mp3,0,attachment,audio/mpeg,0
318,1,"2020-07-07 19:53:37.0","2020-07-07 19:53:37.0","""S"". Track 186.",S,"",inherit,open,closed,"",s-222,"","","2020-07-07 19:53:37.0","2020-07-07 19:53:37.0","",74,http://www.treasureisland.local/wp-content/uploads/2020/07/a-186.mp3,0,attachment,audio/mpeg,0
319,1,"2020-07-07 19:53:37.0","2020-07-07 19:53:37.0","""S"". Track 138.",S,"",inherit,open,closed,"",s-223,"","","2020-07-07 19:53:37.0","2020-07-07 19:53:37.0","",74,http://www.treasureisland.local/wp-content/uploads/2020/07/a-138.mp3,0,attachment,audio/mpeg,0
320,1,"2020-07-07 19:53:37.0","2020-07-07 19:53:37.0","""S"". Track 196.",S,"",inherit,open,closed,"",s-224,"","","2020-07-07 19:53:37.0","2020-07-07 19:53:37.0","",74,http://www.treasureisland.local/wp-content/uploads/2020/07/a-196.mp3,0,attachment,audio/mpeg,0
321,1,"2020-07-07 19:53:38.0","2020-07-07 19:53:38.0","""S"". Track 234.",S,"",inherit,open,closed,"",s-225,"","","2020-07-07 19:53:38.0","2020-07-07 19:53:38.0","",74,http://www.treasureisland.local/wp-content/uploads/2020/07/a-234.mp3,0,attachment,audio/mpeg,0
322,1,"2020-07-07 19:53:38.0","2020-07-07 19:53:38.0","""S"". Track 235.",S,"",inherit,open,closed,"",s-226,"","","2020-07-07 19:53:38.0","2020-07-07 19:53:38.0","",74,http://www.treasureisland.local/wp-content/uploads/2020/07/a-235.mp3,0,attachment,audio/mpeg,0
323,1,"2020-07-07 19:53:38.0","2020-07-07 19:53:38.0","""S"". Track 241.",S,"",inherit,open,closed,"",s-227,"","","2020-07-07 19:53:38.0","2020-07-07 19:53:38.0","",74,http://www.treasureisland.local/wp-content/uploads/2020/07/a-241.mp3,0,attachment,audio/mpeg,0
324,1,"2020-07-07 19:53:38.0","2020-07-07 19:53:38.0","""S"". Track 115.",S,"",inherit,open,closed,"",s-228,"","","2020-07-07 19:53:38.0","2020-07-07 19:53:38.0","",74,http://www.treasureisland.local/wp-content/uploads/2020/07/a-115.mp3,0,attachment,audio/mpeg,0
325,1,"2020-07-07 19:53:39.0","2020-07-07 19:53:39.0","""S"". Track 61.",S,"",inherit,open,closed,"",s-229,"","","2020-07-07 19:53:39.0","2020-07-07 19:53:39.0","",74,http://www.treasureisland.local/wp-content/uploads/2020/07/a-61.mp3,0,attachment,audio/mpeg,0
326,1,"2020-07-07 19:53:39.0","2020-07-07 19:53:39.0","""S"". Track 42.",S,"",inherit,open,closed,"",s-230,"","","2020-07-07 19:53:39.0","2020-07-07 19:53:39.0","",74,http://www.treasureisland.local/wp-content/uploads/2020/07/a-42.mp3,0,attachment,audio/mpeg,0
327,1,"2020-07-07 19:53:39.0","2020-07-07 19:53:39.0","""S"". Track 99.",S,"",inherit,open,closed,"",s-231,"","","2020-07-07 19:53:39.0","2020-07-07 19:53:39.0","",74,http://www.treasureisland.local/wp-content/uploads/2020/07/a-99.mp3,0,attachment,audio/mpeg,0
328,1,"2020-07-07 19:53:39.0","2020-07-07 19:53:39.0","""S"". Track 143.",S,"",inherit,open,closed,"",s-232,"","","2020-07-07 19:53:39.0","2020-07-07 19:53:39.0","",74,http://www.treasureisland.local/wp-content/uploads/2020/07/a-143.mp3,0,attachment,audio/mpeg,0
329,1,"2020-07-07 19:53:40.0","2020-07-07 19:53:40.0","""S"". Track 63.",S,"",inherit,open,closed,"",s-233,"","","2020-07-07 19:53:40.0","2020-07-07 19:53:40.0","",74,http://www.treasureisland.local/wp-content/uploads/2020/07/a-63.mp3,0,attachment,audio/mpeg,0
330,1,"2020-07-07 19:53:40.0","2020-07-07 19:53:40.0","""S"". Track 238.",S,"",inherit,open,closed,"",s-234,"","","2020-07-07 19:53:40.0","2020-07-07 19:53:40.0","",74,http://www.treasureisland.local/wp-content/uploads/2020/07/a-238.mp3,0,attachment,audio/mpeg,0
331,1,"2020-07-07 19:53:40.0","2020-07-07 19:53:40.0","""S"". Track 172.",S,"",inherit,open,closed,"",s-235,"","","2020-07-07 19:53:40.0","2020-07-07 19:53:40.0","",74,http://www.treasureisland.local/wp-content/uploads/2020/07/a-172.mp3,0,attachment,audio/mpeg,0
332,1,"2020-07-07 19:53:40.0","2020-07-07 19:53:40.0","""S"". Track 164.",S,"",inherit,open,closed,"",s-236,"","","2020-07-07 19:53:40.0","2020-07-07 19:53:40.0","",74,http://www.treasureisland.local/wp-content/uploads/2020/07/a-164.mp3,0,attachment,audio/mpeg,0
333,1,"2020-07-07 19:53:41.0","2020-07-07 19:53:41.0","""S"". Track 230.",S,"",inherit,open,closed,"",s-237,"","","2020-07-07 19:53:41.0","2020-07-07 19:53:41.0","",74,http://www.treasureisland.local/wp-content/uploads/2020/07/a-230.mp3,0,attachment,audio/mpeg,0
334,1,"2020-07-07 19:53:41.0","2020-07-07 19:53:41.0","""S"". Track 114.",S,"",inherit,open,closed,"",s-238,"","","2020-07-07 19:53:41.0","2020-07-07 19:53:41.0","",74,http://www.treasureisland.local/wp-content/uploads/2020/07/a-114.mp3,0,attachment,audio/mpeg,0
335,1,"2020-07-07 19:53:41.0","2020-07-07 19:53:41.0","""S"". Track 218.",S,"",inherit,open,closed,"",s-239,"","","2020-07-07 19:53:41.0","2020-07-07 19:53:41.0","",74,http://www.treasureisland.local/wp-content/uploads/2020/07/a-218.mp3,0,attachment,audio/mpeg,0
336,1,"2020-07-07 19:53:41.0","2020-07-07 19:53:41.0","""S"". Track 231.",S,"",inherit,open,closed,"",s-240,"","","2020-07-07 19:53:41.0","2020-07-07 19:53:41.0","",74,http://www.treasureisland.local/wp-content/uploads/2020/07/a-231.mp3,0,attachment,audio/mpeg,0
337,1,"2020-07-07 19:53:41.0","2020-07-07 19:53:41.0","""S"". Track 62.",S,"",inherit,open,closed,"",s-241,"","","2020-07-07 19:53:41.0","2020-07-07 19:53:41.0","",74,http://www.treasureisland.local/wp-content/uploads/2020/07/a-62.mp3,0,attachment,audio/mpeg,0
338,1,"2020-07-07 19:53:42.0","2020-07-07 19:53:42.0","""S"". Track 198.",S,"",inherit,open,closed,"",s-242,"","","2020-07-07 19:53:42.0","2020-07-07 19:53:42.0","",74,http://www.treasureisland.local/wp-content/uploads/2020/07/a-198.mp3,0,attachment,audio/mpeg,0
339,1,"2020-07-07 19:53:42.0","2020-07-07 19:53:42.0","""S"". Track 43.",S,"",inherit,open,closed,"",s-243,"","","2020-07-07 19:53:42.0","2020-07-07 19:53:42.0","",74,http://www.treasureisland.local/wp-content/uploads/2020/07/a-43.mp3,0,attachment,audio/mpeg,0
340,1,"2020-07-07 19:53:42.0","2020-07-07 19:53:42.0","""S"". Track 125.",S,"",inherit,open,closed,"",s-244,"","","2020-07-07 19:53:42.0","2020-07-07 19:53:42.0","",74,http://www.treasureisland.local/wp-content/uploads/2020/07/a-125.mp3,0,attachment,audio/mpeg,0
